Image Content,Views,Metric_Type,Metric,Value,City,Percentage
Waterfall,58.0,Image Content and Views,,,,
Sunset sky,55.0,Image Content and Views,,,,
Mountain with clouds,52.0,Image Content and Views,,,,
City scene with a clock tower,31.0,Image Content and Views,,,,
Coastal landscape,30.0,Image Content and Views,,,,
Lake or sea view,30.0,Image Content and Views,,,,
Rocky shore,26.0,Image Content and Views,,,,
Urban structure (bridge or building),25.0,Image Content and Views,,,,
Sunset with boat,24.0,Image Content and Views,,,,
,,Follower Growth,Total Followers,111.0,,
,,Follower Growth,Overall Followers Gained,106.0,,
,,Follower Growth,New Follows,107.0,,
,,Follower Growth,Unfollows,1.0,,
,,Top Locations,,,Sydney,88.0
,,Top Locations,,,Canberra,3.2
,,Top Locations,,,Bateau Bay,1.0
,,Top Locations,,,Chongqing,1.0
,,Top Locations,,,Wollongong,1.0
