﻿Tweet,Link,Number of Comments,Number of Retweets,Number of Likes,Number of Views,Source
"A Trump victory is essential to defense of freedom of speech, secure borders, safe cities and sensible spending!",https://x.com/elonmusk/status/1830831632166551931,5300,9800,54000,9200000,reply
My first time sitting in the back seat while FSD drives me around in my new Model 3 Performance $TSLA,https://x.com/WholeMarsBlog/status/1830855281997423105,358,486,3100,801000,reply
I can’t wait. There is a lot of waste and needless regulation in government that needs to go.,https://x.com/elonmusk/status/1830829538118381574,6200,15000,114000,9200000,Original tweet
This is what she actually believes. Free speech is the bedrock of democracy and the Democratic Party (Kamala is just a puppet) wants to destroy it.,https://x.com/elonmusk/status/1830827486894030900,2000,11000,59000,4600000,Original tweet
The Democratic Party – same one that used to defend the First Amendment –now wants to destroy the First Amendment,https://x.com/elonmusk/status/1830826870146727941,1500,6100,26000,1900000,Original tweet
Kamala vows to be a communist dictator on day one. Can you believe she wears that outfit!?,https://x.com/elonmusk/status/1830656672211103825,30000,42000,231000,47000000,Original tweet
"This weekend, the @xAI team brought our Colossus 100k H100 training cluster online. From start to finish, it was done in 122 days. Colossus is the most powerful AI training system in the world. Moreover, it will double in size to 200k (50k H200s) in a few months. Excellent work by the team, Nvidia and our many partners/suppliers.",https://x.com/elonmusk/status/1830650370336473253,3800,6800,54000,9800000,Original tweet
President @Jmilei is doing an incredible job restoring Argentina to greatness!,https://x.com/elonmusk/status/1830638776617664589,8900,32000,308000,40000000,Original tweet
Viva a Democracia! Viva o Brasil Livre! 🇧🇷,https://x.com/elonmusk/status/1830630766197268942,11000,35000,251000,44000000,Original tweet
The reason the Democratic Party is so soft on criminals is that criminals vote overwhelmingly Democrat – they don’t want to offend their customers! Democrat Party is literally the party of criminals.,https://x.com/elonmusk/status/1830629832285409742,10000,32000,132000,18000000,reply
"True. I was just with some friends who were saying that their feed had become more toxic lately. Turns out they had been sharing examples of toxic posts with each other, which makes the algorithm think you love toxic posts.",https://x.com/elonmusk/status/1830457658433839161,5600,7200,50000,12400000,reply
"The 𝕏 algorithm assumes that if you interact with content, you want to see more of that content. One of the strongest signals is if you forward 𝕏 posts to friends, it assumes you like that content a lot, because it takes effort to forward.Unfortunately, if the actual reason you forwarded the content to friends was because you were outraged by it, we are currently not smart enough to realize that.",https://x.com/elonmusk/status/1830440852411326782,20000,31000,274000,45400000,Original tweet
"There is growing evidence that fake judge @Alexandre engaged in serious, repeated & deliberate election interference in Brazil’s last presidential election. Under Brazilian law, that would mean up to 20 years in prison. And, I’m sorry to say that it appears that some former Twitter employees were complicit in helping him do so. Anyone with examples or evidence to this effect, please reply to this post.",https://x.com/elonmusk/status/1830091917654168032,15000,58000,284000,50600000,Original tweet
"Investing in Brazil under their current administration is insane. When there is new leadership, that will hopefully change.",https://x.com/elonmusk/status/1830067209281941626,3300,14000,80000,19100000,reply
"Today, we launch the daily data dump on the crimes – under *Brazilian* law – that fake “judge” @alexandre has committed! He can block this platform in Brazil, but he can’t stop the whole world from knowing his illegal, shameful & hypocritical deeds. Karma’s a b*tch bro.🍿🍿🍿",https://x.com/elonmusk/status/1830062141744853281,6800,53000,225000,23700000,reply
They want to undermine the Constitution,https://x.com/elonmusk/status/1830057460561805788,12000,34000,154000,14300000,reply
"Starlink direct to mobile phone Internet is exclusively with @Tmobile in the US for the first year, then other carriers thereafter. We are starting off working with one carrier in each country, but ultimately hope to serve all carriers.",https://x.com/elonmusk/status/1829961053327016314,4100,10000,60000,22300000,reply
"I keep telling people that this guy @alexandre is the dictator of Brazil, NOT a judge. He just wears that as a costume. He has supreme executive, judicial and legislative power, aka dictator. The cloak he wears is to trick fools in the West into thinking that he’s a judge.",https://x.com/elonmusk/status/1829919906105610683,10000,40000,180000,21300000,reply
"Just a reminder that you can always access this platform via http://X.com, even on your phone. No app is needed. Now would also be a good time to download a VPN in case you get blocked.",https://x.com/elonmusk/status/1829665753416491026,13000,41000,229000,31800000,Original tweet
The only people strongly against voter ID in America are those who want to commit fraud. Everyone knows that ID is required for basic daily activity and voter ID is mandatory in almost all countries. Why not here?,https://x.com/elonmusk/status/1829308112840307130,10000,71000,278000,27200000,reply
Let’s make Starfleet Academy real!,https://x.com/elonmusk/status/1828244208538275902,19000,23000,237000,58500000,Original tweet
An incredible amount of work has gone into this historic mission by an amazing team. We are triple-checking everything to make sure there is nothing more we can do to improve crew safety.,https://x.com/elonmusk/status/1828244024152522764,1300,2100,22000,2600000,Original tweet
"This is a tough call and will make some people upset, but, all things considered, I think California should probably pass the SB 1047 AI safety bill. For over 20 years, I have been an advocate for AI regulation, just as we regulate any product/technology that is a potential risk to the public.",https://x.com/elonmusk/status/1828205685386936567,9700,17000,124000,34000000,Original tweet
"It is vital to the support of free speech that you forward 𝕏 posts to people you know, especially in censorship-heavy countries",https://x.com/elonmusk/status/1827667318400254138,9700,50000,265000,36300000,Original tweet
Being a free speech advocate these days is increasingly feeling like a Kobayashi Maru problem,https://x.com/elonmusk/status/1827642452087275566,19000,33000,276000,46500000,Original tweet
