,count,mean,std,min,25%,50%,75%,max
Operational Efficiency,92.0,4.282608695652174,0.7004878512962694,3.0,4.0,4.0,5.0,5.0
Customer Experience,90.0,4.344444444444444,0.5836943773006423,3.0,4.0,4.0,5.0,5.0
Competitiveness,94.0,4.48936170212766,0.6838329804741567,3.0,4.0,5.0,5.0,5.0
"Contribution to societal equity (e.g., bridging digital divides)",94.0,3.606382978723404,0.7650719989505096,3.0,3.0,3.0,4.0,5.0
Lack of Skilled Personnel,96.0,4.552083333333333,0.5959475721671579,3.0,4.0,5.0,5.0,5.0
High Implementation Costs,7.0,4.571428571428571,0.5345224838248488,4.0,4.0,5.0,5.0,5.0
Resistance to Change,6.0,4.5,0.5477225575051661,4.0,4.0,4.5,5.0,5.0
Data security and privacy concerns,91.0,4.824175824175824,0.41078262955286793,3.0,5.0,5.0,5.0,5.0
Ethical concerns,92.0,4.728260869565218,0.49399161067675607,3.0,4.75,5.0,5.0,5.0
Inadequate Infrastructure,94.0,4.648936170212766,0.5812009592402048,3.0,4.0,5.0,5.0,5.0
Informed Decision-Making,7.0,4.857142857142857,0.37796447300922725,4.0,5.0,5.0,5.0,5.0
Improved Operational Efficiency,6.0,4.5,0.5477225575051661,4.0,4.0,4.5,5.0,5.0
Enhanced Customer Experience,91.0,4.912087912087912,0.2847358092591817,4.0,5.0,5.0,5.0,5.0
Increased Competitiveness,92.0,4.793478260869565,0.43318507270510204,3.0,5.0,5.0,5.0,5.0
Improved societal impact,92.0,4.565217391304348,0.5200242561140451,3.0,4.0,5.0,5.0,5.0
Access to Specialized Expertise,95.0,4.663157894736842,0.5381316440178863,3.0,4.0,5.0,5.0,5.0
Access to Cutting-Edge Resources,94.0,4.585106382978723,0.49534552875951676,4.0,4.0,5.0,5.0,5.0
Accelerated Digital Transformation,94.0,4.5212765957446805,0.729246531234341,3.0,4.0,5.0,5.0,5.0
Contributions to societal and ethical goals,96.0,4.46875,0.7671289605439643,3.0,4.0,5.0,5.0,5.0
Leadership Commitment to Digital Initiatives,7.0,3.857142857142857,0.6900655593423543,3.0,3.5,4.0,4.0,5.0
Continuous Learning and Development,95.0,4.810526315789474,0.42009970554379633,3.0,5.0,5.0,5.0,5.0
Incentives for Innovation,5.0,4.4,0.5477225575051662,4.0,4.0,4.0,5.0,5.0
Cross-Functional Teams for Digital Projects,4.0,4.5,0.5773502691896257,4.0,4.0,4.5,5.0,5.0
Inclusion programs,4.0,5.0,0.0,5.0,5.0,5.0,5.0,5.0
Overall Digital Transformation Success,2.0,5.0,0.0,5.0,5.0,5.0,5.0,5.0
